{
  "gizmos-infos": {
    "is2D": true,
    "is3DIcon": false,
    "iconSize": 2,
    "gridVisible": true,
    "gridColor": [
      150,
      150,
      150,
      255
    ],
    "isIconGizmo3D": false,
    "iconGizmoSize": 2,
    "isGridVisible": true
  },
  "scene": {
    "native": false
  },
  "camera": {
    "fov": 45,
    "far": 10000,
    "near": 0.01,
    "color": [
      48,
      48,
      48,
      255
    ],
    "wheelSpeed": 0.01,
    "wanderSpeed": 10,
    "enableAcceleration": true,
    "far2D": 10000,
    "near2D": 1,
    "wheelSpeed2D": 6,
    "size": "__default_design__"
  },
  "camera-infos": {
    "c77ecaa8-c936-46c4-a5b0-98692673ed87": {
      "position": {
        "x": 532,
        "y": 337.5,
        "z": 5000
      },
      "rotation": {
        "x": 0,
        "y": 0,
        "z": 0,
        "w": 1
      },
      "viewCenter": {
        "x": 0,
        "y": 0,
        "z": 0
      }
    },
    "573a695d-7f20-40cd-bfdc-d8239a9a413f": {
      "position": {
        "x": 472.3160661150979,
        "y": 336.80860537322343,
        "z": 5000
      },
      "rotation": {
        "x": 0,
        "y": 0,
        "z": 0,
        "w": 1
      },
      "viewCenter": {
        "x": 0,
        "y": 0,
        "z": 0
      }
    },
    "0cecf9dd-d334-4935-b178-aadf6116a131": {
      "position": {
        "x": -2859.9860262033,
        "y": 630.7367089692616,
        "z": 5000
      },
      "rotation": {
        "x": 0,
        "y": 0,
        "z": 0,
        "w": 1
      },
      "viewCenter": {
        "x": 0,
        "y": 0,
        "z": 0
      }
    },
    "eeac7a92-bfc4-4395-953b-0b8c719e5407": {
      "position": {
        "x": 1017.4596487788403,
        "y": 2212.4612336876817,
        "z": 5000
      },
      "rotation": {
        "x": 0,
        "y": 0,
        "z": 0,
        "w": 1
      },
      "viewCenter": {
        "x": 0,
        "y": 0,
        "z": 0
      }
    },
    "fc217d1f-1edf-4e9d-9756-baaec88658d1": {
      "position": {
        "x": 2199.8518151092085,
        "y": 747.6378451944599,
        "z": 5000
      },
      "rotation": {
        "x": 0,
        "y": 0,
        "z": 0,
        "w": 1
      },
      "viewCenter": {
        "x": 0,
        "y": 0,
        "z": 0
      }
    },
    "38743b43-e842-4e40-acb8-3bc728219664": {
      "position": {
        "x": 1233.8910061440988,
        "y": 748.6390346024423,
        "z": 5000
      },
      "rotation": {
        "x": 0,
        "y": 0,
        "z": 0,
        "w": 1
      },
      "viewCenter": {
        "x": 0,
        "y": 0,
        "z": 0
      }
    },
    "97285b32-af5d-476b-9148-9bf281451c8b": {
      "position": {
        "x": 664.4451150995055,
        "y": 474.91691728811605,
        "z": 5000
      },
      "rotation": {
        "x": 0,
        "y": 0,
        "z": 0,
        "w": 1
      },
      "viewCenter": {
        "x": 0,
        "y": 0,
        "z": 0
      }
    },
    "4647a37f-4b6d-4720-9f3c-46971ac957ab": {
      "position": {
        "x": 664.4451150995055,
        "y": 474.91691728811605,
        "z": 5000
      },
      "rotation": {
        "x": 0,
        "y": 0,
        "z": 0,
        "w": 1
      },
      "viewCenter": {
        "x": 0,
        "y": 0,
        "z": 0
      }
    },
    "6be23a15-38e3-40e6-bd7a-49f08b6445f2": {
      "position": {
        "x": 278.16526891581225,
        "y": 572.4392184621486,
        "z": 5000
      },
      "rotation": {
        "x": 0,
        "y": 0,
        "z": 0,
        "w": 1
      },
      "viewCenter": {
        "x": 0,
        "y": 0,
        "z": 0
      }
    },
    "a7a3db07-ebfc-4ed0-9560-148bdd841ef5": {
      "position": {
        "x": 450.23580906997336,
        "y": 388.46277579375055,
        "z": 5000
      },
      "rotation": {
        "x": 0,
        "y": 0,
        "z": 0,
        "w": 1
      },
      "viewCenter": {
        "x": 0,
        "y": 0,
        "z": 0
      }
    },
    "07ed039c-4361-4ff5-acec-631782758d54": {
      "position": {
        "x": 972.9020993257537,
        "y": 532.949206650947,
        "z": 5000
      },
      "rotation": {
        "x": 0,
        "y": 0,
        "z": 0,
        "w": 1
      },
      "viewCenter": {
        "x": 0,
        "y": 0,
        "z": 0
      }
    },
    "1c65c7f1-dd56-488d-b21e-97e9fde6d3e2": {
      "position": {
        "x": 809.8876992459041,
        "y": 581.9000909783792,
        "z": 5000
      },
      "rotation": {
        "x": 0,
        "y": 0,
        "z": 0,
        "w": 1
      },
      "viewCenter": {
        "x": 0,
        "y": 0,
        "z": 0
      }
    },
    "b1973de3-ded4-45de-aad2-a5ba6531ba0e": {
      "position": {
        "x": 524.2865273926725,
        "y": 392.4389457174668,
        "z": 5000
      },
      "rotation": {
        "x": 0,
        "y": 0,
        "z": 0,
        "w": 1
      },
      "viewCenter": {
        "x": 0,
        "y": 0,
        "z": 0
      }
    },
    "3cff5c3b-3fe8-4c2f-ac51-3dbcda1a322d": {
      "position": {
        "x": 480,
        "y": 320,
        "z": 5000
      },
      "rotation": {
        "x": 0,
        "y": 0,
        "z": 0,
        "w": 1
      },
      "viewCenter": {
        "x": 0,
        "y": 0,
        "z": 0
      }
    },
    "382fea8a-012a-44c4-914c-e8bf465780a5": {
      "position": {
        "x": 6921.681289448334,
        "y": 4090.56527400658,
        "z": 5000
      },
      "rotation": {
        "x": 0,
        "y": 0,
        "z": 0,
        "w": 1
      },
      "viewCenter": {
        "x": 0,
        "y": 0,
        "z": 0
      }
    },
    "5c02de3a-fbe5-40c9-90b1-e004a63dd102": {
      "position": {
        "x": 2464.169518003064,
        "y": 937.0088854087612,
        "z": 5000
      },
      "rotation": {
        "x": 0,
        "y": 0,
        "z": 0,
        "w": 1
      },
      "viewCenter": {
        "x": 0,
        "y": 0,
        "z": 0
      }
    },
    "b9cc8efe-d6d0-42a9-86d0-6f5bc20613f8": {
      "position": {
        "x": 881.1809990090381,
        "y": 955.9662665107485,
        "z": 5000
      },
      "rotation": {
        "x": 0,
        "y": 0,
        "z": 0,
        "w": 1
      },
      "viewCenter": {
        "x": 0,
        "y": 0,
        "z": 0
      }
    },
    "2e71ed8e-3839-420c-8dcb-ca18a01ac680": {
      "position": {
        "x": 847.7042132197568,
        "y": 578.8117585865634,
        "z": 5000
      },
      "rotation": {
        "x": 0,
        "y": 0,
        "z": 0,
        "w": 1
      },
      "viewCenter": {
        "x": 0,
        "y": 0,
        "z": 0
      }
    },
    "fefc10e0-bd91-4357-af25-a28ac1bcc516": {
      "position": {
        "x": 2150.8240402154715,
        "y": 695.4878598419386,
        "z": 5000
      },
      "rotation": {
        "x": 0,
        "y": 0,
        "z": 0,
        "w": 1
      },
      "viewCenter": {
        "x": 0,
        "y": 0,
        "z": 0
      }
    },
    "ccpsH2PdZEur5nUWPV1fxZ": {
      "position": {
        "x": 838.2331935741311,
        "y": 712.3095334661651,
        "z": 5000
      },
      "rotation": {
        "x": 0,
        "y": 0,
        "z": 0,
        "w": 1
      },
      "viewCenter": {
        "x": 0,
        "y": 0,
        "z": 0
      }
    },
    "e3dbfa1f-070b-450d-a58a-67c02054392e": {
      "position": {
        "x": -12127.230509125686,
        "y": 725.6934150206016,
        "z": 5000
      },
      "rotation": {
        "x": 0,
        "y": 0,
        "z": 0,
        "w": 1
      },
      "viewCenter": {
        "x": 0,
        "y": 0,
        "z": 0
      }
    },
    "d04c996b-ca91-4803-9d3d-80f5bed481ab": {
      "position": {
        "x": 887.8135999166714,
        "y": 537.5964473045713,
        "z": 5000
      },
      "rotation": {
        "x": 0,
        "y": 0,
        "z": 0,
        "w": 1
      },
      "viewCenter": {
        "x": 0,
        "y": 0,
        "z": 0
      }
    },
    "0c162cc2-0768-49d7-8e01-f8c33d92541e": {
      "position": {
        "x": 961.9379999999999,