{
  "gizmos-infos": {
    "is2D": true,
    "is3DIcon": false,
    "iconSize": 2,
    "gridVisible": true,
    "gridColor": [
      150,
      150,
      150,
      255
    ],
    "isIconGizmo3D": false,
    "iconGizmoSize": 2,
    "isGridVisible": true
  },
  "scene": {
    "native": false
  },
  "camera": {
    "fov": 45,
    "far": 10000,
    "near": 0.01,
    "color": [
      48,
      48,
      48,
      255
    ],
    "wheelSpeed": 0.01,
    "wanderSpeed": 10,
    "enableAcceleration": true,
    "far2D": 10000,
    "near2D": 1,
    "wheelSpeed2D": 6,
    "size": "__default_design__"
  },
  "camera-infos": {
    "c77ecaa8-c936-46c4-a5b0-98692673ed87": {
      "position": {
        "x": 959.9999999999999,
        "y": 539.9999999999999,
        "z": 5000
      },
      "rotation": {
        "x": 0,
        "y": 0,
        "z": 0,
        "w": 1
      },
      "viewCenter": {
        "x": 0,
        "y": 0,
        "z": 0
      }
    },
    "573a695d-7f20-40cd-bfdc-d8239a9a413f": {
      "position": {
        "x": 472.3160661150979,
        "y": 336.80860537322343,
        "z": 5000
      },
      "rotation": {
        "x": 0,
        "y": 0,
        "z": 0,
        "w": 1
      },
      "viewCenter": {
        "x": 0,
        "y": 0,
        "z": 0
      }
    },
    "0cecf9dd-d334-4935-b178-aadf6116a131": {
      "position": {
        "x": -2859.9860262033,
        "y": 630.7367089692616,
        "z": 5000
      },
      "rotation": {
        "x": 0,
        "y": 0,
        "z": 0,
        "w": 1
      },
      "viewCenter": {
        "x": 0,
        "y": 0,
        "z": 0
      }
    },
    "eeac7a92-bfc4-4395-953b-0b8c719e5407": {
      "position": {
        "x": 816.727738424708,
        "y": 406.6015527568975,
        "z": 5000
      },
      "rotation": {
        "x": 0,
        "y": 0,
        "z": 0,
        "w": 1
      },
      "viewCenter": {
        "x": 0,
        "y": 0,
        "z": 0
      }
    },
    "fc217d1f-1edf-4e9d-9756-baaec88658d1": {
      "position": {
        "x": 915.8377785037502,
        "y": 528.2234076010002,
        "z": 5000
      },
      "rotation": {
        "x": 0,
        "y": 0,
        "z": 0,
        "w": 1
      },
      "viewCenter": {
        "x": 0,
        "y": 0,
        "z": 0
      }
    },
    "38743b43-e842-4e40-acb8-3bc728219664": {
      "position": {
        "x": 816.727738424708,
        "y": 406.6015527568975,
        "z": 5000
      },
      "rotation": {
        "x": 0,
        "y": 0,
        "z": 0,
        "w": 1
      },
      "viewCenter": {
        "x": 0,
        "y": 0,
        "z": 0
      }
    },
    "97285b32-af5d-476b-9148-9bf281451c8b": {
      "position": {
        "x": 664.4451150995055,
        "y": 474.91691728811605,
        "z": 5000
      },
      "rotation": {
        "x": 0,
        "y": 0,
        "z": 0,
        "w": 1
      },
      "viewCenter": {
        "x": 0,
        "y": 0,
        "z": 0
      }
    },
    "4647a37f-4b6d-4720-9f3c-46971ac957ab": {
      "position": {
        "x": 664.4451150995055,
        "y": 474.91691728811605,
        "z": 5000
      },
      "rotation": {
        "x": 0,
        "y": 0,
        "z": 0,
        "w": 1
      },
      "viewCenter": {
        "x": 0,
        "y": 0,
        "z": 0
      }
    },
    "6be23a15-38e3-40e6-bd7a-49f08b6445f2": {
      "position": {
        "x": 278.16526891581225,
        "y": 572.4392184621486,
        "z": 5000
      },
      "rotation": {
        "x": 0,
        "y": 0,
        "z": 0,
        "w": 1
      },
      "viewCenter": {
        "x": 0,
        "y": 0,
        "z": 0
      }
    },
    "a7a3db07-ebfc-4ed0-9560-148bdd841ef5": {
      "position": {
        "x": 1032.9469156951423,
        "y": 572.2579325687059,
        "z": 5000
      },
      "rotation": {
        "x": 0,
        "y": 0,
        "z": 0,
        "w": 1
      },
      "viewCenter": {
        "x": 0,
        "y": 0,
        "z": 0
      }
    },
    "07ed039c-4361-4ff5-acec-631782758d54": {
      "position": {
        "x": 887.3252285325161,
        "y": 382.0888745800406,
        "z": 5000
      },
      "rotation": {
        "x": 0,
        "y": 0,
        "z": 0,
        "w": 1
      },
      "viewCenter": {
        "x": 0,
        "y": 0,
        "z": 0
      }
    },
    "1c65c7f1-dd56-488d-b21e-97e9fde6d3e2": {
      "position": {
        "x": 809.8876992459041,
        "y": 581.9000909783792,
        "z": 5000
      },
      "rotation": {
        "x": 0,
        "y": 0,
        "z": 0,
        "w": 1
      },
      "viewCenter": {
        "x": 0,
        "y": 0,
        "z": 0
      }
    },
    "b1973de3-ded4-45de-aad2-a5ba6531ba0e": {
      "position": {
        "x": 524.2865273926725,
        "y": 392.4389457174668,
        "z": 5000
      },
      "rotation": {
        "x": 0,
        "y": 0,
        "z": 0,
        "w": 1
      },
      "viewCenter": {
        "x": 0,
        "y": 0,
        "z": 0
      }
    },
    "3cff5c3b-3fe8-4c2f-ac51-3dbcda1a322d": {
      "position": {
        "x": 938.5099085800862,
        "y": 583.651217865662,
        "z": 5000
      },
      "rotation": {
        "x": 0,
        "y": 0,
        "z": 0,
        "w": 1
      },
      "viewCenter": {
        "x": 0,
        "y": 0,
        "z": 0
      }
    },
    "382fea8a-012a-44c4-914c-e8bf465780a5": {
      "position": {
        "x": 923.2225913621262,
        "y": 539.9999999999999,
        "z": 5000
      },
      "rotation": {
        "x": 0,
        "y": 0,
        "z": 0,
        "w": 1
      },
      "viewCenter": {
        "x": 0,
        "y": 0,
        "z": 0
      }
    },
    "2e71ed8e-3839-420c-8dcb-ca18a01ac680": {
      "position": {
        "x": 856.6271714892675,
        "y": 468.04343430113664,
        "z": 5000
      },
      "rotation": {
        "x": 0,
        "y": 0,
        "z": 0,
        "w": 1
      },
      "viewCenter": {
        "x": 0,
        "y": 0,
        "z": 0
      }
    },
    "5c02de3a-fbe5-40c9-90b1-e004a63dd102": {
      "position": {
        "x": 905.4242261058928,
        "y": 363.6938996065601,
        "z": 5000
      },
      "rotation": {
        "x": 0,
        "y": 0,
        "z": 0,
        "w": 1
      },
      "viewCenter": {
        "x": 0,
        "y": 0,
        "z": 0
      }
    },
    "b9cc8efe-d6d0-42a9-86d0-6f5bc20613f8": {
      "position": {
        "x": 1006.9597076280827,
        "y": 554.5611496521186,
        "z": 5000
      },
      "rotation": {
        "x": 0,
        "y": 0,
        "z": 0,
        "w": 1
      },
      "viewCenter": {
        "x": 0,
        "y": 0,
        "z": 0
      }
    },
    "e3dbfa1f-070b-450d-a58a-67c02054392e": {
      "position": {
        "x": 981.3096603412988,
        "y": 534.4988554462091,
        "z": 5000
      },
      "rotation": {
        "x": 0,
        "y": 0,
        "z": 0,
        "w": 1
      },
      "viewCenter": {
        "x": 0,
        "y": 0,
        "z": 0
      }
    },
    "dea503c8-e08b-43e6-b594-16a7f51592ca": {
      "position": {
        "x": 999.9543624664266,
        "y": 580.0860755564445,
        "z": 5000
      },
      "rotation": {
        "x": 0,
        "y": 0,
        "z": 0,
        "w": 1
      },
      "viewCenter": {
        "x": 0,
        "y": 0,
        "z": 0
      }
    },
    "ef46948f-6ce3-4dbe-955a-94af729a83bf": {
      "position": {
        "x": 876.0077765589969,
        "y": 530.5842978581597,
        "z": 5000
      },
      "rotation": {
        "x": 0,
        "y": 0,
        "z": 0,
        "w": 1
      },
      "viewCenter": {
        "x": 0,
        "y": 0,
        "z": 0
      }
    },
    "fefc10e0-bd91-4357-af25-a28ac1bcc516": {
      "position": {
        "x": 1425.390980747998,
        "y": 786.5647580121844,
        "z": 5000
      },
      "rotation": {
        "x": 0,
        "y": 0,
        "z": 0,
        "w": 1
      },
      "viewCenter": {
        "x": 0,
        "y": 0,
        "z": 0
      }
    },