{
  "__version__": "1.0.0",
  "builder": {},
  "gizmos-infos": {
    "is2D": true,
    "is3DIcon": false,
    "iconSize": 2,
    "gridVisible": true,
    "gridColor": [
      166,
      166,
      166,
      255
    ],
    "isIconGizmo3D": false,
    "iconGizmoSize": 2,
    "isGridVisible": true
  },
  "": {
    "sculpt_brush_rotate": 0
  },
  "camera": {
    "fov": 45,
    "far": 10000,
    "near": 0.01,
    "color": [
      48,
      48,
      48,
      255
    ],
    "wheelSpeed": 0.01,
    "wanderSpeed": 10,
    "enableAcceleration": true,
    "far2D": 10000,
    "near2D": 1,
    "wheelSpeed2D": 6,
    "size": "__default_design__"
  },
  "camera-infos": {
    "c77ecaa8-c936-46c4-a5b0-98692673ed87": {
      "position": {
<<<<<<< HEAD
        "x": 512,
        "y": 512,
=======
        "x": 480,
        "y": 320,
>>>>>>> 99edc0e (abbb)
        "z": 5000
      },
      "rotation": {
        "x": 0,
        "y": 0,
        "z": 0,
        "w": 1
      },
      "viewCenter": {
        "x": 0,
        "y": 0,
        "z": 0
      }
    },
    "573a695d-7f20-40cd-bfdc-d8239a9a413f": {
      "position": {
<<<<<<< HEAD
        "x": 530.6280313081887,
        "y": 547.543998987244,
=======
        "x": 254.4610281923715,
        "y": 199.00497512437812,
        "z": 5000
      },
      "rotation": {
        "x": 0,
        "y": 0,
        "z": 0,
        "w": 1
      },
      "viewCenter": {
        "x": 0,
        "y": 0,
        "z": 0
      }
    },
    "0cecf9dd-d334-4935-b178-aadf6116a131": {
      "position": {
        "x": -2859.9860262033,
        "y": 630.7367089692616,
        "z": 5000
      },
      "rotation": {
        "x": 0,
        "y": 0,
        "z": 0,
        "w": 1
      },
      "viewCenter": {
        "x": 0,
        "y": 0,
        "z": 0
      }
    },
    "eeac7a92-bfc4-4395-953b-0b8c719e5407": {
      "position": {
        "x": 812.0599620589378,
        "y": -92.54492490232917,
>>>>>>> 99edc0e (abbb)
        "z": 5000
      },
      "rotation": {
        "x": 0,
        "y": 0,
        "z": 0,
        "w": 1
      },
      "viewCenter": {
        "x": 0,
        "y": 0,
        "z": 0
      }
    },
    "fc217d1f-1edf-4e9d-9756-baaec88658d1": {
      "position": {
<<<<<<< HEAD
        "x": 559.7504432901134,
        "y": 530.7414889593945,
        "z": 5000
      },
      "rotation": {
        "x": 0,
        "y": 0,
        "z": 0,
        "w": 1
      },
      "viewCenter": {
        "x": 0,
        "y": 0,
        "z": 0
      }
    },
    "eeac7a92-bfc4-4395-953b-0b8c719e5407": {
      "position": {
        "x": 316.0155826718476,
        "y": 550.1274524770904,
        "z": 5000
      },
      "rotation": {
        "x": 0,
        "y": 0,
        "z": 0,
        "w": 1
      },
      "viewCenter": {
        "x": 0,
        "y": 0,
        "z": 0
      }
    },
    "f488ca93-0830-402e-9ee6-582dc159e81a": {
      "position": {
        "x": 499.09929996056206,
        "y": 550.7980089315762,
        "z": 5000
      },
      "rotation": {
        "x": 0,
        "y": 0,
        "z": 0,
        "w": 1
      },
      "viewCenter": {
        "x": 0,
        "y": 0,
        "z": 0
      }
    },
    "5c02de3a-fbe5-40c9-90b1-e004a63dd102": {
      "position": {
        "x": 530.6280313081887,
        "y": 547.543998987244,
        "z": 5000
      },
      "rotation": {
        "x": 0,
        "y": 0,
        "z": 0,
        "w": 1
      },
      "viewCenter": {
        "x": 0,
        "y": 0,
        "z": 0
      }
    },
    "8590870a-1e46-4adb-abd7-25da114bc432": {
      "position": {
        "x": 530.6280313081887,
        "y": 547.543998987244,
        "z": 5000
      },
      "rotation": {
        "x": 0,
        "y": 0,
        "z": 0,
        "w": 1
      },
      "viewCenter": {
        "x": 0,
        "y": 0,
        "z": 0
      }
    },
    "97285b32-af5d-476b-9148-9bf281451c8b": {
      "position": {
        "x": 514.173124618303,
        "y": 515.5701333014978,
        "z": 5000
      },
      "rotation": {
        "x": 0,
        "y": 0,
        "z": 0,
        "w": 1
      },
      "viewCenter": {
        "x": 0,
        "y": 0,
        "z": 0
      }
    },
    "4647a37f-4b6d-4720-9f3c-46971ac957ab": {
      "position": {
        "x": 484.5681259982214,
        "y": 391.97583293285754,
=======
        "x": 512,
        "y": 511.99999999999994,
>>>>>>> 99edc0e (abbb)
        "z": 5000
      },
      "rotation": {
        "x": 0,
        "y": 0,
        "z": 0,
        "w": 1
      },
      "viewCenter": {
        "x": 0,
        "y": 0,
        "z": 0
      }
    },
    "38743b43-e842-4e40-acb8-3bc728219664": {
      "position": {
<<<<<<< HEAD
        "x": 559.7504432901134,
        "y": 530.7414889593945,
=======
        "x": 650.1753062197263,
        "y": 405.27007309593415,
>>>>>>> 99edc0e (abbb)
        "z": 5000
      },
      "rotation": {
        "x": 0,
        "y": 0,
        "z": 0,
        "w": 1
      },
      "viewCenter": {
        "x": 0,
        "y": 0,
        "z": 0
      }
    },
<<<<<<< HEAD
    "07ed039c-4361-4ff5-acec-631782758d54": {
      "position": {
        "x": 416.2132189197549,
        "y": 559.8123726058847,
=======
    "97285b32-af5d-476b-9148-9bf281451c8b": {
      "position": {
        "x": 664.4451150995055,
        "y": 474.91691728811605,
        "z": 5000
      },
      "rotation": {
        "x": 0,
        "y": 0,
        "z": 0,
        "w": 1
      },
      "viewCenter": {
        "x": 0,
        "y": 0,
        "z": 0
      }
    },
    "4647a37f-4b6d-4720-9f3c-46971ac957ab": {
      "position": {
        "x": 664.4451150995055,
        "y": 474.91691728811605,
        "z": 5000
      },
      "rotation": {
        "x": 0,
        "y": 0,
        "z": 0,
        "w": 1
      },
      "viewCenter": {
        "x": 0,
        "y": 0,
        "z": 0
      }
    },
    "6be23a15-38e3-40e6-bd7a-49f08b6445f2": {
      "position": {
        "x": 278.16526891581225,
        "y": 572.4392184621486,
>>>>>>> 99edc0e (abbb)
        "z": 5000
      },
      "rotation": {
        "x": 0,
        "y": 0,
        "z": 0,
        "w": 1
      },
      "viewCenter": {
        "x": 0,
        "y": 0,
        "z": 0
      }
    },
    "a7a3db07-ebfc-4ed0-9560-148bdd841ef5": {
      "position": {
<<<<<<< HEAD
        "x": 470.5392536800101,
        "y": 508.0640205867269,
=======
        "x": 480,
        "y": 320,
        "z": 5000
      },
      "rotation": {
        "x": 0,
        "y": 0,
        "z": 0,
        "w": 1
      },
      "viewCenter": {
        "x": 0,
        "y": 0,
        "z": 0
      }
    },
    "07ed039c-4361-4ff5-acec-631782758d54": {
      "position": {
        "x": 480,
        "y": 320,
        "z": 5000
      },
      "rotation": {
        "x": 0,
        "y": 0,
        "z": 0,
        "w": 1
      },
      "viewCenter": {
        "x": 0,
        "y": 0,
        "z": 0
      }
    },
    "1c65c7f1-dd56-488d-b21e-97e9fde6d3e2": {
      "position": {
        "x": 809.8876992459041,
        "y": 581.9000909783792,
>>>>>>> 99edc0e (abbb)
        "z": 5000
      },
      "rotation": {
        "x": 0,
        "y": 0,
        "z": 0,
        "w": 1
      },
      "viewCenter": {
        "x": 0,
        "y": 0,
        "z": 0
      }
    }
  },
  "camera-uuids": [
    "38743b43-e842-4e40-acb8-3bc728219664"
  ],
  "scene": {
    "native": false
  },
  "game-view": {
    "scaleValue": 56,
    "sliderValue": 26
  }
}
